-- MySQL dump 10.13  Distrib 5.7.30, for Linux (x86_64)
--
-- Host: localhost    Database: libreria
-- ------------------------------------------------------
-- Server version	5.7.30-0ubuntu0.18.04.1

/*!40101 SET @OLD_CHARACTER_SET_CLIENT=@@CHARACTER_SET_CLIENT */;
/*!40101 SET @OLD_CHARACTER_SET_RESULTS=@@CHARACTER_SET_RESULTS */;
/*!40101 SET @OLD_COLLATION_CONNECTION=@@COLLATION_CONNECTION */;
/*!40101 SET NAMES utf8 */;
/*!40103 SET @OLD_TIME_ZONE=@@TIME_ZONE */;
/*!40103 SET TIME_ZONE='+00:00' */;
/*!40014 SET @OLD_UNIQUE_CHECKS=@@UNIQUE_CHECKS, UNIQUE_CHECKS=0 */;
/*!40014 SET @OLD_FOREIGN_KEY_CHECKS=@@FOREIGN_KEY_CHECKS, FOREIGN_KEY_CHECKS=0 */;
/*!40101 SET @OLD_SQL_MODE=@@SQL_MODE, SQL_MODE='NO_AUTO_VALUE_ON_ZERO' */;
/*!40111 SET @OLD_SQL_NOTES=@@SQL_NOTES, SQL_NOTES=0 */;

--
-- Current Database: `libreria`
--

CREATE DATABASE /*!32312 IF NOT EXISTS*/ `libreria` /*!40100 DEFAULT CHARACTER SET utf8 COLLATE utf8_spanish_ci */;

USE `libreria`;

--
-- Table structure for table `genero`
--

DROP TABLE IF EXISTS `genero`;
/*!40101 SET @saved_cs_client     = @@character_set_client */;
/*!40101 SET character_set_client = utf8 */;
CREATE TABLE `genero` (
  `id` int(11) NOT NULL AUTO_INCREMENT,
  `genero` varchar(100) COLLATE utf8_spanish_ci NOT NULL,
  PRIMARY KEY (`id`),
  UNIQUE KEY `genero_UN` (`genero`)
) ENGINE=InnoDB AUTO_INCREMENT=7 DEFAULT CHARSET=utf8 COLLATE=utf8_spanish_ci;
/*!40101 SET character_set_client = @saved_cs_client */;

--
-- Dumping data for table `genero`
--

LOCK TABLES `genero` WRITE;
/*!40000 ALTER TABLE `genero` DISABLE KEYS */;
INSERT INTO `genero` VALUES (6,'actual'),(3,'CiFi'),(2,'clasico'),(4,'epica fantastica'),(1,'novela negra'),(5,'romantica');
/*!40000 ALTER TABLE `genero` ENABLE KEYS */;
UNLOCK TABLES;

--
-- Table structure for table `libro`
--

DROP TABLE IF EXISTS `libro`;
/*!40101 SET @saved_cs_client     = @@character_set_client */;
/*!40101 SET character_set_client = utf8 */;
CREATE TABLE `libro` (
  `id` int(11) NOT NULL AUTO_INCREMENT,
  `titulo` varchar(100) CHARACTER SET latin1 NOT NULL,
  `genero` int(11) NOT NULL,
  `imagen` varchar(100) DEFAULT NULL,
  `precio` decimal(5,2) NOT NULL,
  `id_Usuario` int(11) NOT NULL,
  `fecha_Creacion` datetime NOT NULL DEFAULT CURRENT_TIMESTAMP,
  `fecha_Validacion` datetime DEFAULT NULL,
  PRIMARY KEY (`id`),
  UNIQUE KEY `titulo` (`titulo`),
  KEY `libro_FK` (`genero`),
  KEY `libro_FK_1` (`id_Usuario`),
  CONSTRAINT `libro_FK` FOREIGN KEY (`genero`) REFERENCES `genero` (`id`),
  CONSTRAINT `libro_FK_1` FOREIGN KEY (`id_Usuario`) REFERENCES `usuario` (`id`)
) ENGINE=InnoDB AUTO_INCREMENT=14 DEFAULT CHARSET=utf8;
/*!40101 SET character_set_client = @saved_cs_client */;

--
-- Dumping data for table `libro`
--

LOCK TABLES `libro` WRITE;
/*!40000 ALTER TABLE `libro` DISABLE KEYS */;
INSERT INTO `libro` VALUES (1,'El Quijote',2,'\"https://picsum.photos/100/100\";',24.50,1,'2020-07-13 12:34:03','2020-07-13 12:34:03'),(2,'La Celestina',2,'\"https://picsum.photos/100/100\";',18.99,1,'2020-07-13 12:34:03',NULL),(3,'La Regenta',2,'\"https://picsum.photos/100/100\";',16.40,1,'2020-07-13 12:34:03',NULL),(4,'El Lazarillo de Tormes',2,'\"https://picsum.photos/100/100\";',12.20,1,'2020-07-13 12:34:03','2020-07-13 12:34:03'),(5,'Fortunata y Jacinta',2,'\"https://picsum.photos/100/100\";',17.00,1,'2020-07-13 12:34:03',NULL),(6,'El señor de los anillos',4,'\"https://picsum.photos/100/100\";',24.50,1,'2020-07-13 12:34:03','2020-07-13 12:34:03'),(7,'La ley de Murphy',6,'\"https://picsum.photos/100/100\";',18.00,1,'2020-07-13 12:34:03',NULL),(8,'Las Bicicletas son para el verano',6,'\"https://picsum.photos/100/100\";',22.00,1,'2020-07-13 12:34:03',NULL),(13,'Fundacion',3,'\"https://picsum.photos/100/100\";',18.99,1,'2020-07-13 12:34:03',NULL);
/*!40000 ALTER TABLE `libro` ENABLE KEYS */;
UNLOCK TABLES;

--
-- Table structure for table `rol`
--

DROP TABLE IF EXISTS `rol`;
/*!40101 SET @saved_cs_client     = @@character_set_client */;
/*!40101 SET character_set_client = utf8 */;
CREATE TABLE `rol` (
  `id` int(11) NOT NULL AUTO_INCREMENT,
  `nombre` varchar(100) COLLATE utf8_spanish_ci NOT NULL,
  PRIMARY KEY (`id`),
  UNIQUE KEY `rol_UN` (`nombre`)
) ENGINE=InnoDB AUTO_INCREMENT=3 DEFAULT CHARSET=utf8 COLLATE=utf8_spanish_ci;
/*!40101 SET character_set_client = @saved_cs_client */;

--
-- Dumping data for table `rol`
--

LOCK TABLES `rol` WRITE;
/*!40000 ALTER TABLE `rol` DISABLE KEYS */;
INSERT INTO `rol` VALUES (1,'ADMINISTRADOR'),(2,'USUARIO');
/*!40000 ALTER TABLE `rol` ENABLE KEYS */;
UNLOCK TABLES;

--
-- Table structure for table `usuario`
--

DROP TABLE IF EXISTS `usuario`;
/*!40101 SET @saved_cs_client     = @@character_set_client */;
/*!40101 SET character_set_client = utf8 */;
CREATE TABLE `usuario` (
  `id` int(3) NOT NULL AUTO_INCREMENT,
  `nombre` varchar(100) COLLATE utf8_spanish_ci NOT NULL,
  `contrasenia` varchar(10) COLLATE utf8_spanish_ci NOT NULL,
  `imagen` varchar(100) COLLATE utf8_spanish_ci NOT NULL,
  `id_Rol` int(11) NOT NULL,
  PRIMARY KEY (`id`),
  UNIQUE KEY `usuario_UN` (`nombre`),
  KEY `usuario_FK` (`id_Rol`),
  CONSTRAINT `usuario_FK` FOREIGN KEY (`id_Rol`) REFERENCES `rol` (`id`)
) ENGINE=InnoDB AUTO_INCREMENT=5 DEFAULT CHARSET=utf8 COLLATE=utf8_spanish_ci COMMENT='tabla de usuario';
/*!40101 SET character_set_client = @saved_cs_client */;

--
-- Dumping data for table `usuario`
--

LOCK TABLES `usuario` WRITE;
/*!40000 ALTER TABLE `usuario` DISABLE KEYS */;
INSERT INTO `usuario` VALUES (1,'admin','admin','https://picsum.photos/id/1/100/100',1),(2,'Benito','123456','https://picsum.photos/id/1/100/100',2),(3,'Carolina','123456','https://picsum.photos/id/1/100/100',2),(4,'Daniel','123456','https://picsum.photos/id/1/100/100',2);
/*!40000 ALTER TABLE `usuario` ENABLE KEYS */;
UNLOCK TABLES;
/*!40103 SET TIME_ZONE=@OLD_TIME_ZONE */;

/*!40101 SET SQL_MODE=@OLD_SQL_MODE */;
/*!40014 SET FOREIGN_KEY_CHECKS=@OLD_FOREIGN_KEY_CHECKS */;
/*!40014 SET UNIQUE_CHECKS=@OLD_UNIQUE_CHECKS */;
/*!40101 SET CHARACTER_SET_CLIENT=@OLD_CHARACTER_SET_CLIENT */;
/*!40101 SET CHARACTER_SET_RESULTS=@OLD_CHARACTER_SET_RESULTS */;
/*!40101 SET COLLATION_CONNECTION=@OLD_COLLATION_CONNECTION */;
/*!40111 SET SQL_NOTES=@OLD_SQL_NOTES */;

-- Dump completed on 2020-07-17 13:32:01